{"learner":{"attributes":{"scikit_learn":"{\"use_label_encoder\": true, \"n_estimators\": 10, \"objective\": \"binary:logistic\", \"max_depth\": 3, \"learning_rate\": null, \"verbosity\": null, \"booster\": null, \"tree_method\": null, \"gamma\": null, \"min_child_weight\": null, \"max_delta_step\": null, \"subsample\": null, \"colsample_bytree\": null, \"colsample_bylevel\": null, \"colsample_bynode\": null, \"reg_alpha\": null, \"reg_lambda\": null, \"scale_pos_weight\": null, \"base_score\": null, \"missing\": NaN, \"num_parallel_tree\": null, \"kwargs\": {}, \"random_state\": null, \"n_jobs\": null, \"monotone_constraints\": null, \"interaction_constraints\": null, \"importance_type\": \"gain\", \"gpu_id\": null, \"validate_parameters\": null, \"classes_\": [0.0, 1.0], \"n_classes_\": 2, \"_le\": {\"classes_\": [0.0, 1.0]}, \"_estimator_type\": \"classifier\"}"},"feature_names":[],"feature_types":[],"gradient_booster":{"model":{"gbtree_model_param":{"num_trees":"10","size_leaf_vector":"0"},"tree_info":[0,0,0,0,0,0,0,0,0,0],"trees":[{"base_weights":[-7.8162915E-1,-1.5411428E0,3.076318E-1,-8.116268E-2,-1.6926328E0,1.1289088E0,-1.6547321E0,-1.985536E0,8.8291967E-1,-5.9196323E-1,-1.823467E0,-1.3200961E0,1.3432089E0,-1.9180685E0,1.9993043E0],"categories":[],"categories_nodes":[],"categories_segments":[],"categories_sizes":[],"default_left":[true,true,true,true,true,true,true,false,false,false,false,false,false,false,false],"id":0,"left_children":[1,3,5,7,9,11,13,-1,-1,-1,-1,-1,-1,-1,-1],"loss_changes":[2.9186456E5,4.597178E4,2.3358231E5,3.5878496E4,2.7117312E4,5.3624406E4,4.115022E4,0E0,0E0,0E0,0E0,0E0,0E0,0E0,0E0],"parents":[2147483647,0,0,1,1,2,2,3,3,4,4,5,5,6,6],"right_children":[2,4,6,8,10,12,14,-1,-1,-1,-1,-1,-1,-1,-1],"split_conditions":[-2.8082514E-1,-1.0797058E0,8.2367593E-1,-5.642139E-1,-1.2070504E0,-4.7740394E-1,2.868699E0,-5.956608E-1,2.6487592E-1,-1.7758897E-1,-5.470401E-1,-3.9602885E-1,4.0296268E-1,-5.7542056E-1,5.997913E-1],"split_indices":[17,40,24,15,48,16,15,0,0,0,0,0,0,0,0],"split_type":[0,0,0,0,0,0,0,0,0,0,0,0,0,0,0],"sum_hessian":[3.527865E5,2.078545E5,1.44932E5,1.954E4,1.883145E5,1.02172E5,4.276E4,6.567E3,1.2973E4,2.0007E4,1.683075E5,8.22075E3,9.395125E4,3.9886E4,2.874E3],"tree_param":{"num_deleted":"0","num_feature":"72","num_nodes":"15","size_leaf_vector":"0"}},{"base_weights":[-5.878957E-1,-1.2046385E0,1.8910553E-1,-1.3468866E0,3.20543E-2,7.9028374E-1,-1.2871593E0,-1.5144663E0,-8.5393363E-1,1.1133003E0,-1.2538013E0,1.1478593E0,-4.877936E-1,-1.4728022E0,1.5483341E0],"categories":[],"categories_nodes":[],"categories_segments":[],"categories_sizes":[],"default_left":[true,true,true,true,true,true,true,false,false,false,false,false,false,false,false],"id":1,"left_children":[1,3,5,7,9,11,13,-1,-1,-1,-1,-1,-1,-1,-1],"loss_changes":[1.5932225E5,3.2606062E4,1.3057036E5,1.3730656E4,2.6585928E4,4.7779492E4,2.2413148E4,0E0,0E0,0E0,0E0,0E0,0E0,0E0,0E0],"parents":[2147483647,0,0,1,1,2,2,3,3,4,4,5,5,6,6],"right_children":[2,4,6,8,10,12,14,-1,-1,-1,-1,-1,-1,-1,-1],"split_conditions":[-2.730873E-1,1.0270022E0,8.252343E-1,-4.5918465E-1,-4.3847746E-1,3.326142E-1,2.868699E0,-4.543399E-1,-2.561801E-1,3.339901E-1,-3.7614042E-1,3.4435782E-1,-1.4633809E-1,-4.4184068E-1,4.6450025E-1],"split_indices":[21,47,24,12,22,60,15,0,0,0,0,0,0,0,0],"split_type":[0,0,0,0,0,0,0,0,0,0,0,0,0,0,0],"sum_hessian":[3.3246722E5,1.8534753E5,1.4711969E5,1.6622745E5,1.9120072E4,1.0454598E5,4.2573715E4,1.24053375E5,4.217408E4,1.0386468E4,8.7336045E3,8.169091E4,2.2855066E4,3.9958094E4,2.6156204E3],"tree_param":{"num_deleted":"0","num_feature":"72","num_nodes":"15","size_leaf_vector":"0"}},{"base_weights":[-4.7468802E-1,-1.1291059E0,6.792325E-2,3.3487275E-1,-1.2937189E0,1.0793614E0,-4.7904444E-1,-1.3779699E0,1.2541448E0,-2.491486E-2,-1.3677588E0,1.3739331E0,-1.139017E0,-1.9076846E0,1.3341013E-1],"categories":[],"categories_nodes":[],"categories_segments":[],"categories_sizes":[],"default_left":[true,true,true,true,true,true,true,false,false,false,false,false,false,false,false],"id":2,"left_children":[1,3,5,7,9,11,13,-1,-1,-1,-1,-1,-1,-1,-1],"loss_changes":[1.0567649E5,3.2510469E4,9.000996E4,2.1472977E4,1.1392016E4,3.7317734E4,9.23946E4,0E0,0E0,0E0,0E0,0E0,0E0,0E0,0E0],"parents":[2147483647,0,0,1,1,2,2,3,3,4,4,5,5,6,6],"right_children":[2,4,6,8,10,12,14,-1,-1,-1,-1,-1,-1,-1,-1],"split_conditions":[-4.6494547E-1,-1.1224494E0,-5.4418985E-2,-5.619596E-1,-1.2892323E0,1.5836667E0,-4.8546666E-1,-4.1339096E-1,3.7624344E-1,-7.4744583E-3,-4.1032764E-1,4.1217995E-1,-3.417051E-1,-5.723054E-1,4.002304E-2],"split_indices":[15,40,24,12,11,46,10,0,0,0,0,0,0,0,0],"split_type":[0,0,0,0,0,0,0,0,0,0,0,0,0,0,0],"sum_hessian":[2.975998E5,1.3490098E5,1.6269881E5,1.3635275E4,1.2126572E5,5.710352E4,1.0559529E5,4.761977E3,8.873299E3,6.6862495E3,1.1457947E5,5.04101E4,6.693421E3,3.168448E4,7.391081E4],"tree_param":{"num_deleted":"0","num_feature":"72","num_nodes":"15","size_leaf_vector":"0"}},{"base_weights":[-3.8921687E-1,-9.892887E-1,5.0394934E-2,1.4108305E-1,-1.1630821E0,4.6558782E-1,-1.2131522E0,-1.4211897E0,9.533586E-1,4.7418192E-2,-1.240054E0,-1.0657289E-1,1.3662635E0,-1.355147E0,1.3307731E0],"categories":[],"categories_nodes":[],"categories_segments":[],"categories_sizes":[],"default_left":[true,true,true,true,true,true,true,false,false,false,false,false,false,false,false],"id":3,"left_children":[1,3,5,7,9,11,13,-1,-1,-1,-1,-1,-1,-1,-1],"loss_changes":[6.998644E4,2.2037742E4,8.033229E4,1.897262E4,9.059391E3,5.9394195E4,1.3682004E4,0E0,0E0,0E0,0E0,0E0,0E0,0E0,0E0],"parents":[2147483647,0,0,1,1,2,2,3,3,4,4,5,5,6,6],"right_children":[2,4,6,8,10,12,14,-1,-1,-1,-1,-1,-1,-1,-1],"split_conditions":[-4.6494547E-1,-9.728471E-1,8.361912E-1,-1.965632E-1,-1.3385623E0,-4.2007482E-1,2.868699E0,-4.263569E-1,2.8600758E-1,1.4225458E-2,-3.7201622E-1,-3.1971868E-2,4.0987906E-1,-4.0654412E-1,3.9923194E-1],"split_indices":[15,40,24,28,11,10,15,0,0,0,0,0,0,0,0],"split_type":[0,0,0,0,0,0,0,0,0,0,0,0,0,0,0],"sum_hessian":[2.653013E5,1.1217743E5,1.5312388E5,1.4948824E4,9.72286E4,1.1525312E5,3.787075E4,5.113375E3,9.835449E3,5.8128657E3,9.1415734E4,7.048066E4,4.4772465E4,3.5869105E4,2.0016473E3],"tree_param":{"num_deleted":"0","num_feature":"72","num_nodes":"15","size_leaf_vector":"0"}},{"base_weights":[-3.281589E-1,-8.726386E-1,7.744498E-2,-9.319009E-3,-1.1216643E0,1.0889015E0,-3.565095E-1,-1.2993695E0,1.246912E0,2.183227E-2,-1.239253E0,1.4580935E0,-1.3865273E0,-1.4244206E0,1.5029174E-1],"categories":[],"categories_nodes":[],"categories_segments":[],"categories_sizes":[],"default_left":[true,true,true,true,true,true,true,false,false,false,false,false,false,false,false],"id":4,"left_children":[1,3,5,7,9,11,13,-1,-1,-1,-1,-1,-1,-1,-1],"loss_changes":[5.1161613E4,2.1262586E4,5.82743E4,3.588564E4,1.0321289E4,3.6430484E4,5.028249E4,0E0,0E0,0E0,0E0,0E0,0E0,0E0,0E0],"parents":[2147483647,0,0,1,1,2,2,3,3,4,4,5,5,6,6],"right_children":[2,4,6,8,10,12,14,-1,-1,-1,-1,-1,-1,-1,-1],"split_conditions":[-4.107267E-1,-9.04553E-1,-1.3112153E-1,-1.7841437E-1,-9.942188E-1,1.0513145E0,-4.8546666E-1,-3.8981086E-1,3.7407362E-1,6.5496815E-3,-3.7177593E-1,4.374281E-1,-4.159582E-1,-4.273262E-1,4.5087524E-2],"split_indices":[12,52,28,27,40,34,10,0,0,0,0,0,0,0,0],"split_type":[0,0,0,0,0,0,0,0,0,0,0,0,0,0,0],"sum_hessian":[2.3166369E5,9.889995E4,1.3276373E5,2.214141E4,7.675855E4,3.9859086E4,9.290465E4,1.0923648E4,1.1217763E4,7.157353E3,6.9601195E4,3.4686293E4,5.172793E3,2.9899604E4,6.3005047E4],"tree_param":{"num_deleted":"0","num_feature":"72","num_nodes":"15","size_leaf_vector":"0"}},{"base_weights":[-2.774677E-1,-7.117843E-2,-1.134891E0,-7.535024E-1,4.597795E-1,-1.2273798E0,1.2117227E0,1.12224765E-1,-1.1578043E0,-3.1921327E-2,1.3534832E0,-1.2409054E0,4.990966E0],"categories":[],"categories_nodes":[],"categories_segments":[],"categories_sizes":[],"default_left":[true,true,true,true,true,true,false,false,false,false,false,false,false],"id":5,"left_children":[1,3,5,7,9,11,-1,-1,-1,-1,-1,-1,-1],