{"learner":{"attributes":{"scikit_learn":"{\"use_label_encoder\": true, \"n_estimators\": 10, \"objective\": \"binary:logistic\", \"max_depth\": 3, \"learning_rate\": null, \"verbosity\": null, \"booster\": null, \"tree_method\": null, \"gamma\": null, \"min_child_weight\": null, \"max_delta_step\": null, \"subsample\": null, \"colsample_bytree\": null, \"colsample_bylevel\": null, \"colsample_bynode\": null, \"reg_alpha\": null, \"reg_lambda\": null, \"scale_pos_weight\": null, \"base_score\": null, \"missing\": NaN, \"num_parallel_tree\": null, \"kwargs\": {}, \"random_state\": null, \"n_jobs\": null, \"monotone_constraints\": null, \"interaction_constraints\": null, \"importance_type\": \"gain\", \"gpu_id\": null, \"validate_parameters\": null, \"classes_\": [0.0, 1.0], \"n_classes_\": 2, \"_le\": {\"classes_\": [0.0, 1.0]}, \"_estimator_type\": \"classifier\"}"},"feature_names":[],"feature_types":[],"gradient_booster":{"model":{"gbtree_model_param":{"num_trees":"10","size_leaf_vector":"0"},"tree_info":[0,0,0,0,0,0,0,0,0,0],"trees":[{"base_weights":[-7.8162915E-1,-1.5411428E0,3.076318E-1,-8.116268E-2,-1.6926328E0,1.1289088E0,-1.6547321E0,-1.985536E0,8.8291967E-1,-5.9196323E-1,-1.823467E0,-1.3200961E0,1.3432089E0,-1.9180685E0,1.9993043E0],"categories":[],"categories_nodes":[],"categories_segments":[],"categories_sizes":[],"default_left":[true,true,true,true,true,true,true,false,false,false,false,false,false,false,false],"id":0,"left_children":[1,3,5,7,9,11,13,-1,-1,-1,-1,-1,-1,-1,-1],"loss_changes":[2.9186456E5,4.597178E4,2.3358231E5,3.5878496E4,2.7117312E4,5.3624406E4,4.115022E4,0E0,0E0,0E0,0E0,0E0,0E0,0E0,0E0],"parents":[2147483647,0,0,1,1,2,2,3,3,4,4,5,5,6,6],"right_children":[2,4,6,8,10,12,14,-1,-1,-1,-1,-1,-1,-1,-1],"split_conditions":[-2.8082514E-1,-1.0797058E0,8.2367593E-1,-5.642139E-1,-1.2070504E0,-4.7740394E-1,2.868699E0,-5.956608E-1,2.6487592E-1,-1.7758897E-1,-5.470401E-1,-3.9602885E-1,4.0296268E-1,-5.7542056E-1,5.997913E-1],"split_indices":[16,37,22,14,44,15,14,0,0,0,0,0,0,0,0],"split_type":[0,0,0,0,0,0,0,0,0,0,0,0,0,0,0],"sum_hessian":[3.527865E5,2.078545E5,1.44932E5,1.954E4,1.883145E5,1.02172E5,4.276E4,6.567E3,1.2973E4,2.0007E4,1.683075E5,8.22075E3,9.395125E4,3.9886E4,2.874E3],"tree_param":{"num_deleted":"0","num_feature":"66","num_nodes":"15","size_leaf_vector":"0"}},{"base_weights":[-5.878957E-1,-1.2046385E0,1.8910553E-1,-1.0316332E-1,-1.3349894E0,7.9028374E-1,-1.2871593E0,-1.5500598E0,5.635678E-1,1.4828386E0,-1.3712649E0,1.1478593E0,-4.877936E-1,-1.4728022E0,1.5483341E0],"categories":[],"categories_nodes":[],"categories_segments":[],"categories_sizes":[],"default_left":[true,true,true,true,true,true,true,false,false,false,false,false,false,false,false],"id":1,"left_children":[1,3,5,7,9,11,13,-1,-1,-1,-1,-1,-1,-1,-1],"loss_changes":[1.5932225E5,2.6611906E4,1.3057036E5,1.8922832E4,1.6943188E4,4.7779492E4,2.2413148E4,0E0,0E0,0E0,0E0,0E0,0E0,0E0,0E0],"parents":[2147483647,0,0,1,1,2,2,3,3,4,4,5,5,6,6],"right_children":[2,4,6,8,10,12,14,-1,-1,-1,-1,-1,-1,-1,-1],"split_conditions":[-2.730873E-1,-1.0583341E0,8.252343E-1,-5.639813E-1,-1.4232023E0,3.326142E-1,2.868699E0,-4.6501794E-1,1.6907035E-1,4.448516E-1,-4.113795E-1,3.4435782E-1,-1.4633809E-1,-4.4184068E-1,4.6450025E-1],"split_indices":[20,37,22,14,48,55,14,0,0,0,0,0,0,0,0],"split_type":[0,0,0,0,0,0,0,0,0,0,0,0,0,0,0],"sum_hessian":[3.3246722E5,1.8534753E5,1.4711969E5,1.9613527E4,1.65734E5,1.0454598E5,4.2573715E4,6.1865513E3,1.3426976E4,2.105967E3,1.6362803E5,8.169091E4,2.2855066E4,3.9958094E4,2.6156204E3],"tree_param":{"num_deleted":"0","num_feature":"66","num_nodes":"15","size_leaf_vector":"0"}},{"base_weights":[-4.7572765E-1,-1.1332484E0,8.289835E-2,2.9692578E-1,-1.2916747E0,1.1047454E0,-4.72424E-1,-1.5693109E0,1.0400606E0,-4.319091E-1,-1.3740408E0,1.3907549E0,-1.094588E0,-1.9174013E0,1.2647876E-1],"categories":[],"categories_nodes":[],"categories_segments":[],"categories_sizes":[],"default_left":[true,true,true,true,true,true,true,false,false,false,false,false,false,false,false],"id":2,"left_children":[1,3,5,7,9,11,13,-1,-1,-1,-1,-1,-1,-1,-1],"loss_changes":[1.0907999E5,3.0908016E4,9.1111586E4,1.8869484E4,8.696078E3,3.5563094E4,9.0026234E4,0E0,0E0,0E0,0E0,0E0,0E0,0E0,0E0],"parents":[2147483647,0,0,1,1,2,2,3,3,4,4,5,5,6,6],"right_children":[2,4,6,8,10,12,14,-1,-1,-1,-1,-1,-1,-1,-1],"split_conditions":[-4.644798E-1,-1.1224494E0,-5.4418985E-2,-1.9711111E-1,-1.2995092E0,1.5836667E0,-4.8546666E-1,-4.7079328E-1,3.1201822E-1,-1.2957273E-1,-4.1221228E-1,4.172265E-1,-3.283764E-1,-5.752204E-1,3.794363E-2],"split_indices":[14,37,22,25,47,43,10,0,0,0,0,0,0,0,0],"split_type":[0,0,0,0,0,0,0,0,0,0,0,0,0,0,0],"sum_hessian":[2.9697006E5,1.3641003E5,1.6056002E5,1.3603672E4,1.2280636E5,5.653294E4,1.0402708E5,3.8739355E3,9.729736E3,1.073692E4,1.12069445E5,5.002754E4,6.5054023E3,3.0481627E4,7.354545E4],"tree_param":{"num_deleted":"0","num_feature":"66","num_nodes":"15","size_leaf_vector":"0"}},{"base_weights":[-3.897236E-1,-9.56814E-1,8.9308254E-2,-1.04117535E-1,-1.1854435E0,5.4265565E-1,-1.2212392E0,-1.4193692E0,1.3311505E0,-2.1799361E-2,-1.288987E0,-5.6390636E-2,1.5616397E0,-1.3677775E0,1.3314635E0],"categories":[],"categories_nodes":[],"categories_segments":[],"categories_sizes":[],"default_left":[true,true,true,true,true,true,true,false,false,false,false,false,false,false,false],"id":3,"left_children":[1,3,5,7,9,11,13,-1,-1,-1,-1,-1,-1,-1,-1],"loss_changes":[7.198148E4,2.3654297E4,8.53421E4,4.8432703E4,1.1528297E4,6.514594E4,1.3811691E4,0E0,0E0,0E0,0E0,0E0,0E0,0E0,0E0],"parents":[2147483647,0,0,1,1,2,2,3,3,4,4,5,5,6,6],"right_children":[2,4,6,8,10,12,14,-1,-1,-1,-1,-1,-1,-1,-1],"split_conditions":[-4.107267E-1,-9.04553E-1,8.361912E-1,-1.7841437E-1,-9.942188E-1,-4.2007482E-1,2.868699E0,-4.2581078E-1,3.993452E-1,-6.5398086E-3,-3.8669613E-1,-1.6917191E-2,4.684919E-1,-4.1033325E-1,3.9943907E-1],"split_indices":[11,48,22,25,37,10,14,0,0,0,0,0,0,0,0],"split_type":[0,0,0,0,0,0,0,0,0,0,0,0,0,0,0],"sum_hessian":[2.6497316E5,1.2133391E5,1.4363925E5,2.5654467E4,9.567944E4,1.0672224E5,3.6917E4,1.3386943E4,1.2267523E4,7.8181865E3,8.786125E4,6.7210875E4,3.951137E4,3.491326E4,2.0037372E3],"tree_param":{"num_deleted":"0","num_feature":"66","num_nodes":"15","size_leaf_vector":"0"}},{"base_weights":[-3.3181152E-1,-8.5881335E-1,7.018554E-2,-4.8060857E-2,-1.1076078E0,1.0712516E0,-3.639902E-1,-1.2253501E0,1.8175789E0,1.405746E0,-1.18256E0,1.427365E0,-1.3791565E0,-1.4385533E0,1.3544858E-1],"categories":[],"categories_nodes":[],"categories_segments":[],"categories_sizes":[],"default_left":[true,true,true,true,true,true,true,false,false,false,false,false,false,false,false],"id":4,"left_children":[1,3,5,7,9,11,13,-1,-1,-1,-1,-1,-1,-1,-1],"loss_changes":[4.859577E4,2.0021594E4,5.6558023E4,5.119656E4,1.4309594E4,3.4352465E4,4.8710223E4,0E0,0E0,0E0,0E0,0E0,0E0,0E0,0E0],"parents":[2147483647,0,0,1,1,2,2,3,3,4,4,5,5,6,6],"right_children":[2,4,6,8,10,12,14,-1,-1,-1,-1,-1,-1,-1,-1],"split_conditions":[-4.0953836E-1,-4.4442254E-1,-1.3112153E-1,-1.7786558E-1,-1.6325209E0,1.0513145E0,-4.8546666E-1,-3.6760506E-1,5.452737E-1,4.217238E-1,-3.54768E-1,4.282095E-1,-4.1374695E-1,-4.3156603E-1,4.0634573E-2],"split_indices":[14,21,26,26,44,32,10,0,0,0,0,0,0,0,0],"split_type":[0,0,0,0,0,0,0,0,0,0,0,0,0,0,0],"sum_hessian":[2.293829E5,9.9258234E4,1.30124664E5,2.3307316E4,7.595092E4,3.9363637E4,9.076103E4,1.4290079E4,9.017237E3,2.1988738E3,7.375205E4,3.4369234E4,4.9944014E3,2.8798336E4,6.1962695E4],"tree_param":{"num_deleted":"0","num_feature":"66","num_nodes":"15","size_leaf_vector":"0"}},{"base_weights":[-2.803125E-1,-7.414594E-2,-1.1302098E0,-7.478947E-1,4.571605E-1,-1.2239441E0,1.2130737E0,4.70144E-2,-1.1054635E0,-2.7552808E-2,1.3388617E0,-1.2375865E0,4.782637E0],"categories":[],"categories_nodes":[],"categories_segments":[],"categories_sizes":[],"default_left":[true,true,true,true,true,true,false,false,false,false,false,false,false],"id":5,"left_children":[1,3,5,7,9,11,-1,-1,-1,-1,-1,-1,-1],